{"cameraMode":{"drawMode":0,"name":"Shaded","section":"Shading Mode"},"sceneLighting":true,"audioPlay":false,"sceneViewState":{"showFog":true,"showMaterialUpdate":false,"showSkybox":true,"showFlares":true,"showImageEffects":true,"showParticleSystems":true},"in2DMode":false,"pivot":{"x":-5.886749267578125,"y":-1.881026268005371,"z":25.503503799438478},"rotation":{"x":0.16159683465957642,"y":-0.014797654002904892,"z":0.0022852809634059669,"w":0.9868276119232178},"size":24.43319320678711,"orthographic":false}